File ID	File Name	Data Category	Data Type	Project ID	Case ID	Sample ID	Sample Type
9e1d56a0-0f5f-4902-b459-68d8f451c075	3a91981c-57c8-4108-823b-e3f31639b11d.rna_seq.augmented_star_gene_counts.tsv	Transcriptome Profiling	Gene Expression Quantification	TCGA-LAML	TCGA-AB-2987	TCGA-AB-2987-03A	Primary Blood Derived Cancer - Peripheral Blood
6e52e950-7e51-4e12-b194-68d935cb96f0	adc73ced-098f-49a4-b86a-5715804d094f.rna_seq.augmented_star_gene_counts.tsv	Transcriptome Profiling	Gene Expression Quantification	TCGA-LAML	TCGA-AB-2857	TCGA-AB-2857-03A	Primary Blood Derived Cancer - Peripheral Blood
8c66364e-5637-4d94-aff7-1d74a2c7fc40	0ca7ca0e-1237-420d-9ddf-5565656616ed.rna_seq.augmented_star_gene_counts.tsv	Transcriptome Profiling	Gene Expression Quantification	TCGA-LAML	TCGA-AB-2847	TCGA-AB-2847-03A	Primary Blood Derived Cancer - Peripheral Blood
f6529292-5452-49e5-9e69-61da6048fb7e	7f29468d-6ddc-4f8d-bf13-fe33b8dc625c.rna_seq.augmented_star_gene_counts.tsv	Transcriptome Profiling	Gene Expression Quantification	TCGA-LAML	TCGA-AB-3000	TCGA-AB-3000-03A	Primary Blood Derived Cancer - Peripheral Blood
c701ed1e-a8b8-47f9-b5ea-2c90e3172320	7deaf685-7960-49d4-a190-c6991699005f.rna_seq.augmented_star_gene_counts.tsv	Transcriptome Profiling	Gene Expression Quantification	TCGA-LAML	TCGA-AB-2870	TCGA-AB-2870-03A	Primary Blood Derived Cancer - Peripheral Blood
0e7c1a03-0837-42b6-a60d-16be95603566	bba0e37e-3ec7-45ae-a384-1c02f4648183.rna_seq.augmented_star_gene_counts.tsv	Transcriptome Profiling	Gene Expression Quantification	TCGA-LAML	TCGA-AB-2826	TCGA-AB-2826-03A	Primary Blood Derived Cancer - Peripheral Blood
e8796436-0aa8-42a3-bf63-e42cafcb0e45	09eab957-cc0c-4af4-bb42-03a7826165e4.rna_seq.augmented_star_gene_counts.tsv	Transcriptome Profiling	Gene Expression Quantification	TCGA-LAML	TCGA-AB-2919	TCGA-AB-2919-03A	Primary Blood Derived Cancer - Peripheral Blood
c7153357-b5f6-4c62-99fb-d81cef493ed3	24fb0f49-d3c2-4072-ac1f-8d5b4af80a54.rna_seq.augmented_star_gene_counts.tsv	Transcriptome Profiling	Gene Expression Quantification	TCGA-LAML	TCGA-AB-2940	TCGA-AB-2940-03A	Primary Blood Derived Cancer - Peripheral Blood
adccdcca-3e57-4ee8-aee4-caeb19b16cca	64bc2c14-38c4-42c3-8e31-59226e90e07d.rna_seq.augmented_star_gene_counts.tsv	Transcriptome Profiling	Gene Expression Quantification	TCGA-LAML	TCGA-AB-2818	TCGA-AB-2818-03A	Primary Blood Derived Cancer - Peripheral Blood
d79969c9-7499-458d-8124-f3c2252b082f	48c81c7e-c73f-46ad-b5ef-c49017c260ca.rna_seq.augmented_star_gene_counts.tsv	Transcriptome Profiling	Gene Expression Quantification	TCGA-LAML	TCGA-AB-2990	TCGA-AB-2990-03B	Primary Blood Derived Cancer - Peripheral Blood
ba5a93bb-d99f-4f31-8c59-773ee5b0d46c	4ba32010-a5fc-4c0c-b10e-264c41bfdde1.rna_seq.augmented_star_gene_counts.tsv	Transcriptome Profiling	Gene Expression Quantification	TCGA-LAML	TCGA-AB-2943	TCGA-AB-2943-03A	Primary Blood Derived Cancer - Peripheral Blood
e6825b2c-cccb-435d-becb-f3e5662c4e7e	9108729b-515e-45aa-bff7-f677995a7592.rna_seq.augmented_star_gene_counts.tsv	Transcriptome Profiling	Gene Expression Quantification	TCGA-LAML	TCGA-AB-2869	TCGA-AB-2869-03A	Primary Blood Derived Cancer - Peripheral Blood
ef68dfd3-b700-41f8-b27e-ba4066b3afeb	acde9375-87ce-4bea-a25b-a7cfb41527a1.rna_seq.augmented_star_gene_counts.tsv	Transcriptome Profiling	Gene Expression Quantification	TCGA-LAML	TCGA-AB-2928	TCGA-AB-2928-03A	Primary Blood Derived Cancer - Peripheral Blood
02e5b06d-a187-4248-bcc5-c7a27ba58984	6bc61c9c-083e-48b5-84de-0d984d84aab8.rna_seq.augmented_star_gene_counts.tsv	Transcriptome Profiling	Gene Expression Quantification	TCGA-LAML	TCGA-AB-2939	TCGA-AB-2939-03A	Primary Blood Derived Cancer - Peripheral Blood
90505c87-0666-4484-bd02-c360f180bbb4	3c1ba7bc-b307-49aa-b079-20bf0887e31e.rna_seq.augmented_star_gene_counts.tsv	Transcriptome Profiling	Gene Expression Quantification	TCGA-LAML	TCGA-AB-2884	TCGA-AB-2884-03A	Primary Blood Derived Cancer - Peripheral Blood
435e27a0-8430-4964-a953-ae4ffaf47e3f	5852bf03-0a4a-491a-ac82-e452552c526a.rna_seq.augmented_star_gene_counts.tsv	Transcriptome Profiling	Gene Expression Quantification	TCGA-LAML	TCGA-AB-2959	TCGA-AB-2959-03A	Primary Blood Derived Cancer - Peripheral Blood
8d424c0b-c7c6-4140-be8d-cef16e20084c	cc3016ae-9d36-49c1-8cf5-a6a1f200f52c.rna_seq.augmented_star_gene_counts.tsv	Transcriptome Profiling	Gene Expression Quantification	TCGA-LAML	TCGA-AB-2970	TCGA-AB-2970-03A	Primary Blood Derived Cancer - Peripheral Blood
628aea64-9b16-4160-a73a-1fe44482af03	e8bfda63-2489-4f9a-8edc-815c4ad111f7.rna_seq.augmented_star_gene_counts.tsv	Transcriptome Profiling	Gene Expression Quantification	TCGA-LAML	TCGA-AB-2991	TCGA-AB-2991-03A	Primary Blood Derived Cancer - Peripheral Blood
5ea7031e-02c5-4295-84e8-76c99b79bdf1	8ef4bd00-bdf8-4b19-8545-53bf4c55b2f6.rna_seq.augmented_star_gene_counts.tsv	Transcriptome Profiling	Gene Expression Quantification	TCGA-LAML	TCGA-AB-2935	TCGA-AB-2935-03A	Primary Blood Derived Cancer - Peripheral Blood
d7f7a1c5-f99a-47da-8ad3-887491fc810a	10da15fc-0876-45e2-8493-a45d6df69683.rna_seq.augmented_star_gene_counts.tsv	Transcriptome Profiling	Gene Expression Quantification	TCGA-LAML	TCGA-AB-2891	TCGA-AB-2891-03A	Primary Blood Derived Cancer - Peripheral Blood
9f7e1e2f-8aac-47bd-b28c-27af13724ea1	b12a36cd-2958-4312-9969-5f7ac06ee927.rna_seq.augmented_star_gene_counts.tsv	Transcriptome Profiling	Gene Expression Quantification	TCGA-LAML	TCGA-AB-2920	TCGA-AB-2920-03B	Primary Blood Derived Cancer - Peripheral Blood
caa33f9f-2f8e-467a-ba59-4fdff2c0bbe8	1f3bdcaf-faa0-4915-ae1f-1f4a101fc664.rna_seq.augmented_star_gene_counts.tsv	Transcriptome Profiling	Gene Expression Quantification	TCGA-LAML	TCGA-AB-3007	TCGA-AB-3007-03A	Primary Blood Derived Cancer - Peripheral Blood
9d2c7b4f-afab-44dd-b7b2-6d540db5f1f3	bfd81d73-a604-499a-977d-abd0b6fb4329.rna_seq.augmented_star_gene_counts.tsv	Transcriptome Profiling	Gene Expression Quantification	TCGA-LAML	TCGA-AB-2835	TCGA-AB-2835-03A	Primary Blood Derived Cancer - Peripheral Blood
cfa3fec3-e4ca-42d1-b3ad-4957e38ef9e9	474f95bb-55a4-4738-ba90-ae40dbcac5ce.rna_seq.augmented_star_gene_counts.tsv	Transcriptome Profiling	Gene Expression Quantification	TCGA-LAML	TCGA-AB-2878	TCGA-AB-2878-03A	Primary Blood Derived Cancer - Peripheral Blood
5b032718-0f61-4a0d-a608-9bd1b4974d1f	5381aa50-dd9b-4272-9556-45b15d8a7b86.rna_seq.augmented_star_gene_counts.tsv	Transcriptome Profiling	Gene Expression Quantification	TCGA-LAML	TCGA-AB-2995	TCGA-AB-2995-03A	Primary Blood Derived Cancer - Peripheral Blood
e497c46d-d947-4bd3-94ff-7fbea95aeb72	9d32d24e-720d-40e9-852d-a5d2676234a4.rna_seq.augmented_star_gene_counts.tsv	Transcriptome Profiling	Gene Expression Quantification	TCGA-LAML	TCGA-AB-2834	TCGA-AB-2834-03A	Primary Blood Derived Cancer - Peripheral Blood
74e2a599-a161-49e3-95fe-62cddb805279	cdeb3182-d264-425b-9481-56618cd8b5c4.rna_seq.augmented_star_gene_counts.tsv	Transcriptome Profiling	Gene Expression Quantification	TCGA-LAML	TCGA-AB-2916	TCGA-AB-2916-03A	Primary Blood Derived Cancer - Peripheral Blood
68e13706-df83-4cb1-987c-1ba839bf1a03	6756d9de-6c5c-470e-968e-a0e519161120.rna_seq.augmented_star_gene_counts.tsv	Transcriptome Profiling	Gene Expression Quantification	TCGA-LAML	TCGA-AB-2851	TCGA-AB-2851-03A	Primary Blood Derived Cancer - Peripheral Blood
105c969c-ac2d-4a89-ae5c-4bc79af47421	dbeff8bb-8f5f-48a0-81a6-b76864f502a7.rna_seq.augmented_star_gene_counts.tsv	Transcriptome Profiling	Gene Expression Quantification	TCGA-LAML	TCGA-AB-2813	TCGA-AB-2813-03A	Primary Blood Derived Cancer - Peripheral Blood
5d650ac1-5544-45ec-a1b6-00f98081d2b8	24125fc9-e366-49a0-a35f-004bfabd559b.rna_seq.augmented_star_gene_counts.tsv	Transcriptome Profiling	Gene Expression Quantification	TCGA-LAML	TCGA-AB-2914	TCGA-AB-2914-03A	Primary Blood Derived Cancer - Peripheral Blood
80bbd538-320f-4c72-9e13-e8d43f5cbd3f	5f4746f1-6429-4c20-a605-c53c3eb72203.rna_seq.augmented_star_gene_counts.tsv	Transcriptome Profiling	Gene Expression Quantification	TCGA-LAML	TCGA-AB-2911	TCGA-AB-2911-03A	Primary Blood Derived Cancer - Peripheral Blood
e0e154ce-d478-4ccc-8278-5630dec9a50d	09cd09a4-354f-4627-ba16-3d56fdc10532.rna_seq.augmented_star_gene_counts.tsv	Transcriptome Profiling	Gene Expression Quantification	TCGA-LAML	TCGA-AB-3009	TCGA-AB-3009-03A	Primary Blood Derived Cancer - Peripheral Blood
d47f4c65-78d1-4ab8-b2bf-49843eca2d99	0004b04e-dd84-4440-8290-b141c7ff1577.rna_seq.augmented_star_gene_counts.tsv	Transcriptome Profiling	Gene Expression Quantification	TCGA-LAML	TCGA-AB-3001	TCGA-AB-3001-03A	Primary Blood Derived Cancer - Peripheral Blood
c93d9527-c221-4543-b32f-4c00b3778264	4297eb4b-6e55-4b10-9a7a-29b13ce87a82.rna_seq.augmented_star_gene_counts.tsv	Transcriptome Profiling	Gene Expression Quantification	TCGA-LAML	TCGA-AB-2917	TCGA-AB-2917-03A	Primary Blood Derived Cancer - Peripheral Blood
7c05dcf1-b852-4c1a-b411-b4ab72f18b17	0586b6e5-7c8d-4f29-b4a0-59c2918342d7.rna_seq.augmented_star_gene_counts.tsv	Transcriptome Profiling	Gene Expression Quantification	TCGA-LAML	TCGA-AB-2862	TCGA-AB-2862-03A	Primary Blood Derived Cancer - Peripheral Blood
2831ca74-d048-4718-aafe-3f9ce69a6cd7	44b51a3c-b7dd-4db1-ac2d-aac89df77e90.rna_seq.augmented_star_gene_counts.tsv	Transcriptome Profiling	Gene Expression Quantification	TCGA-LAML	TCGA-AB-2901	TCGA-AB-2901-03A	Primary Blood Derived Cancer - Peripheral Blood
779c8024-5e34-420f-84b7-32d793eb60ad	04c92aad-6303-40d0-b6b9-a89248083cc0.rna_seq.augmented_star_gene_counts.tsv	Transcriptome Profiling	Gene Expression Quantification	TCGA-LAML	TCGA-AB-2988	TCGA-AB-2988-03B	Primary Blood Derived Cancer - Peripheral Blood
e2936807-e045-4352-8894-ee44a5154ce2	c896b4db-0d67-4ed8-b4d0-bf93b2eb5745.rna_seq.augmented_star_gene_counts.tsv	Transcriptome Profiling	Gene Expression Quantification	TCGA-LAML	TCGA-AB-2930	TCGA-AB-2930-03A	Primary Blood Derived Cancer - Peripheral Blood
5298ddc9-0de1-4ebd-8a6a-f628d0b5dbec	6c479da5-ab2b-47a8-b2ef-e16ca431980b.rna_seq.augmented_star_gene_counts.tsv	Transcriptome Profiling	Gene Expression Quantification	TCGA-LAML	TCGA-AB-2899	TCGA-AB-2899-03A	Primary Blood Derived Cancer - Peripheral Blood
46988a87-1793-437c-b560-24990a75ecd2	ba583de8-42a8-45ae-adcb-ff9555c36e7b.rna_seq.augmented_star_gene_counts.tsv	Transcriptome Profiling	Gene Expression Quantification	TCGA-LAML	TCGA-AB-2915	TCGA-AB-2915-03A	Primary Blood Derived Cancer - Peripheral Blood
9c3326c6-ebf4-49e7-945f-397b757af398	c9eb8188-bc31-4bdf-aaee-69bf875628a0.rna_seq.augmented_star_gene_counts.tsv	Transcriptome Profiling	Gene Expression Quantification	TCGA-LAML	TCGA-AB-2844	TCGA-AB-2844-03A	Primary Blood Derived Cancer - Peripheral Blood
a25100b1-2ccd-4506-b77a-f34348d5a5f1	3607d128-c531-4718-8e8a-8973ff846869.rna_seq.augmented_star_gene_counts.tsv	Transcriptome Profiling	Gene Expression Quantification	TCGA-LAML	TCGA-AB-2883	TCGA-AB-2883-03A	Primary Blood Derived Cancer - Peripheral Blood
1c4bd6b7-361f-4efe-b549-91769c0fd029	7d5ef159-fc52-47ba-a598-3f1e0d1856e6.rna_seq.augmented_star_gene_counts.tsv	Transcriptome Profiling	Gene Expression Quantification	TCGA-LAML	TCGA-AB-2895	TCGA-AB-2895-03A	Primary Blood Derived Cancer - Peripheral Blood
8eed2c2d-dd56-4eb3-8239-3f8ac45dc2ed	631eb36f-ece7-4317-b704-b9d99b7c0830.rna_seq.augmented_star_gene_counts.tsv	Transcriptome Profiling	Gene Expression Quantification	TCGA-LAML	TCGA-AB-3011	TCGA-AB-3011-03A	Primary Blood Derived Cancer - Peripheral Blood
ece1be02-572f-4d31-822c-d3536b268fcc	37d601b9-00ab-4d5f-8478-c1d3896e97a5.rna_seq.augmented_star_gene_counts.tsv	Transcriptome Profiling	Gene Expression Quantification	TCGA-LAML	TCGA-AB-2858	TCGA-AB-2858-03A	Primary Blood Derived Cancer - Peripheral Blood
6d5dd59f-b441-48b4-a5e9-477f8185df91	e17d8d14-1b27-4aba-a3a7-242bba34f943.rna_seq.augmented_star_gene_counts.tsv	Transcriptome Profiling	Gene Expression Quantification	TCGA-LAML	TCGA-AB-2963	TCGA-AB-2963-03A	Primary Blood Derived Cancer - Peripheral Blood
3d0973b4-952a-4989-a261-1d3df1f04dd6	0adbff85-beb1-4ff4-8aa4-a4e5100f7e5d.rna_seq.augmented_star_gene_counts.tsv	Transcriptome Profiling	Gene Expression Quantification	TCGA-LAML	TCGA-AB-2937	TCGA-AB-2937-03A	Primary Blood Derived Cancer - Peripheral Blood
df844cb4-3cd9-426a-a7eb-c25d7521eee4	fa648370-e3c3-47cd-80cb-f5281e6e500a.rna_seq.augmented_star_gene_counts.tsv	Transcriptome Profiling	Gene Expression Quantification	TCGA-LAML	TCGA-AB-2927	TCGA-AB-2927-03A	Primary Blood Derived Cancer - Peripheral Blood
799ccd3a-653d-4c0e-8018-3e1b55d166eb	1d2d6d89-de88-4c50-8c1a-cb652f79ec0a.rna_seq.augmented_star_gene_counts.tsv	Transcriptome Profiling	Gene Expression Quantification	TCGA-LAML	TCGA-AB-2822	TCGA-AB-2822-03A	Primary Blood Derived Cancer - Peripheral Blood
4b1ae8ff-0d45-493c-92d6-1e2c5e18728d	3ba4c060-0ce6-4236-af52-8de55a0460e0.rna_seq.augmented_star_gene_counts.tsv	Transcriptome Profiling	Gene Expression Quantification	TCGA-LAML	TCGA-AB-2836	TCGA-AB-2836-03A	Primary Blood Derived Cancer - Peripheral Blood
3013c8bb-38f4-43fe-ab54-1aedb1b54f16	653fc517-7979-484a-aa48-13a6439030d9.rna_seq.augmented_star_gene_counts.tsv	Transcriptome Profiling	Gene Expression Quantification	TCGA-LAML	TCGA-AB-2825	TCGA-AB-2825-03A	Primary Blood Derived Cancer - Peripheral Blood
9eeec239-d4ca-418b-98d7-d4330c7838e1	1a707fa6-e9aa-4d1d-8c97-a18f368a741e.rna_seq.augmented_star_gene_counts.tsv	Transcriptome Profiling	Gene Expression Quantification	TCGA-LAML	TCGA-AB-2877	TCGA-AB-2877-03A	Primary Blood Derived Cancer - Peripheral Blood
be5015ff-cd90-4c63-a958-a222ca6d8809	b03f51d5-cf33-4498-95d7-ab55712b0e83.rna_seq.augmented_star_gene_counts.tsv	Transcriptome Profiling	Gene Expression Quantification	TCGA-LAML	TCGA-AB-2866	TCGA-AB-2866-03A	Primary Blood Derived Cancer - Peripheral Blood
1ca730bc-be09-41a7-8960-4d2176609018	2bbd3e73-3602-42bb-93b1-7c2863e180e6.rna_seq.augmented_star_gene_counts.tsv	Transcriptome Profiling	Gene Expression Quantification	TCGA-LAML	TCGA-AB-2941	TCGA-AB-2941-03A	Primary Blood Derived Cancer - Peripheral Blood
2e6ef072-b8e4-4f84-a054-05a6c3277fbe	9f3c0f5e-0587-48de-a349-ec0ca7c6a2a9.rna_seq.augmented_star_gene_counts.tsv	Transcriptome Profiling	Gene Expression Quantification	TCGA-LAML	TCGA-AB-2861	TCGA-AB-2861-03A	Primary Blood Derived Cancer - Peripheral Blood
5b151db5-aa75-4a80-8e76-d2653db122a4	fe99ef06-43a9-4f4c-b447-2059bfb00471.rna_seq.augmented_star_gene_counts.tsv	Transcriptome Profiling	Gene Expression Quantification	TCGA-LAML	TCGA-AB-2889	TCGA-AB-2889-03A	Primary Blood Derived Cancer - Peripheral Blood
510f9d0f-5b4a-4978-a43f-8f03d69c6880	d9d96af6-ce04-4d84-9f46-87b53876ea65.rna_seq.augmented_star_gene_counts.tsv	Transcriptome Profiling	Gene Expression Quantification	TCGA-LAML	TCGA-AB-2932	TCGA-AB-2932-03A	Primary Blood Derived Cancer - Peripheral Blood
c46dd236-2e69-452e-94ca-c57ef7f64f33	e5c0dd1f-4499-4577-83d5-e5c967cede1d.rna_seq.augmented_star_gene_counts.tsv	Transcriptome Profiling	Gene Expression Quantification	TCGA-LAML	TCGA-AB-2888	TCGA-AB-2888-03B	Primary Blood Derived Cancer - Peripheral Blood
f4e75fe6-e34c-435f-9742-1b30e74ccfa5	7533907b-fffd-4783-ab37-89fc1bfd68a5.rna_seq.augmented_star_gene_counts.tsv	Transcriptome Profiling	Gene Expression Quantification	TCGA-LAML	TCGA-AB-2811	TCGA-AB-2811-03B	Primary Blood Derived Cancer - Peripheral Blood
fef457d0-61be-44f1-943a-21b3df77a4f7	8efda712-e06a-497a-91d8-a53a03e593f9.rna_seq.augmented_star_gene_counts.tsv	Transcriptome Profiling	Gene Expression Quantification	TCGA-LAML	TCGA-AB-2859	TCGA-AB-2859-03A	Primary Blood Derived Cancer - Peripheral Blood
8a8e36a6-e59c-4415-9dba-69f2c279cfd0	cc22f07f-0ec2-4a0f-bdd3-c6750e2d7921.rna_seq.augmented_star_gene_counts.tsv	Transcriptome Profiling	Gene Expression Quantification	TCGA-LAML	TCGA-AB-2956	TCGA-AB-2956-03A	Primary Blood Derived Cancer - Peripheral Blood
48d2e27b-ce74-4d1e-9ee9-da3f356fb36f	62ff72b1-f933-487d-9177-7ea8177c48e6.rna_seq.augmented_star_gene_counts.tsv	Transcriptome Profiling	Gene Expression Quantification	TCGA-LAML	TCGA-AB-2908	TCGA-AB-2908-03A	Primary Blood Derived Cancer - Peripheral Blood
ea1eec1b-a247-44a0-bd0b-1e7703214824	6879f095-f2cb-494c-9eae-2eb68471853d.rna_seq.augmented_star_gene_counts.tsv	Transcriptome Profiling	Gene Expression Quantification	TCGA-LAML	TCGA-AB-2976	TCGA-AB-2976-03A	Primary Blood Derived Cancer - Peripheral Blood
7fbec83d-4f47-4a8b-955a-5cc034819eeb	6eeb18f3-bab6-4788-978e-c114907f89a2.rna_seq.augmented_star_gene_counts.tsv	Transcriptome Profiling	Gene Expression Quantification	TCGA-LAML	TCGA-AB-2830	TCGA-AB-2830-03A	Primary Blood Derived Cancer - Peripheral Blood
0f25eb24-da72-4b45-b1db-30ba5e4445d9	6d5f3dca-a2bc-4896-8e8d-e225b3ca63d9.rna_seq.augmented_star_gene_counts.tsv	Transcriptome Profiling	Gene Expression Quantification	TCGA-LAML	TCGA-AB-2820	TCGA-AB-2820-03A	Primary Blood Derived Cancer - Peripheral Blood
afc776ca-4e70-422a-a7ae-c1a692c8c6ef	5c9c6f69-0ffd-438a-8746-ea7146ae9c7d.rna_seq.augmented_star_gene_counts.tsv	Transcriptome Profiling	Gene Expression Quantification	TCGA-LAML	TCGA-AB-2845	TCGA-AB-2845-03B	Primary Blood Derived Cancer - Peripheral Blood
9672e6d1-7084-4288-bb68-dca4305eff8a	ebf4b922-ab3b-4cc0-969d-f7a8e8d9a2c1.rna_seq.augmented_star_gene_counts.tsv	Transcriptome Profiling	Gene Expression Quantification	TCGA-LAML	TCGA-AB-2842	TCGA-AB-2842-03A	Primary Blood Derived Cancer - Peripheral Blood
98371482-8e44-438d-9f45-b686dbd449c8	fccd7f45-7747-438e-b153-0758b11dcef7.rna_seq.augmented_star_gene_counts.tsv	Transcriptome Profiling	Gene Expression Quantification	TCGA-LAML	TCGA-AB-2812	TCGA-AB-2812-03A	Primary Blood Derived Cancer - Peripheral Blood
7f622456-f33d-42e4-8a2d-9835c8dfaa2e	8ade19dd-c274-427a-92b0-166aafa36137.rna_seq.augmented_star_gene_counts.tsv	Transcriptome Profiling	Gene Expression Quantification	TCGA-LAML	TCGA-AB-2996	TCGA-AB-2996-03A	Primary Blood Derived Cancer - Peripheral Blood
08076292-9ed5-4af3-84ba-7780d4e69d5e	4dcc9a73-847f-4b86-9a54-e2e842710af4.rna_seq.augmented_star_gene_counts.tsv	Transcriptome Profiling	Gene Expression Quantification	TCGA-LAML	TCGA-AB-2983	TCGA-AB-2983-03A	Primary Blood Derived Cancer - Peripheral Blood
7c5c2287-1f7a-42be-8d7c-2aa3e3d1926b	4f6c57fe-94c5-436f-b3cd-9ba3fdc7b6df.rna_seq.augmented_star_gene_counts.tsv	Transcriptome Profiling	Gene Expression Quantification	TCGA-LAML	TCGA-AB-2849	TCGA-AB-2849-03A	Primary Blood Derived Cancer - Peripheral Blood
9a1af104-974d-41eb-bd49-f966a0aeb987	a9b58404-bd8e-4ac9-b8e3-f4956893ce02.rna_seq.augmented_star_gene_counts.tsv	Transcriptome Profiling	Gene Expression Quantification	TCGA-LAML	TCGA-AB-2810	TCGA-AB-2810-03A	Primary Blood Derived Cancer - Peripheral Blood
433e57e9-dc4a-4c5e-b860-303851b14aaa	5b6a8fa2-8157-44aa-998e-a484904ed075.rna_seq.augmented_star_gene_counts.tsv	Transcriptome Profiling	Gene Expression Quantification	TCGA-LAML	TCGA-AB-2805	TCGA-AB-2805-03A	Primary Blood Derived Cancer - Peripheral Blood
6c179551-6310-4027-a5f0-c7381bd0dd2a	4b4d6a72-1400-4909-97db-23a2ba56022c.rna_seq.augmented_star_gene_counts.tsv	Transcriptome Profiling	Gene Expression Quantification	TCGA-LAML	TCGA-AB-2933	TCGA-AB-2933-03A	Primary Blood Derived Cancer - Peripheral Blood
b251fbc9-cd13-4720-893c-840bbf448b10	1b48c9e1-8bb4-4291-982d-02e9aba18c38.rna_seq.augmented_star_gene_counts.tsv	Transcriptome Profiling	Gene Expression Quantification	TCGA-LAML	TCGA-AB-2806	TCGA-AB-2806-03A	Primary Blood Derived Cancer - Peripheral Blood
bba4f1fb-54ee-4e84-bc75-a10c3b9a23c3	d088826c-75e0-49ac-adfa-8f5d9ce1905d.rna_seq.augmented_star_gene_counts.tsv	Transcriptome Profiling	Gene Expression Quantification	TCGA-LAML	TCGA-AB-3002	TCGA-AB-3002-03A	Primary Blood Derived Cancer - Peripheral Blood
e3effd68-091b-4ff7-9c72-32c446906ebc	757a1fee-14ba-4892-8d0a-5382c56d150f.rna_seq.augmented_star_gene_counts.tsv	Transcriptome Profiling	Gene Expression Quantification	TCGA-LAML	TCGA-AB-2823	TCGA-AB-2823-03A	Primary Blood Derived Cancer - Peripheral Blood
522ed6cd-dbb5-4324-a3b9-87173ea0bf31	0f2ed04d-cf8e-4a50-bd69-2dd60f9dc6d8.rna_seq.augmented_star_gene_counts.tsv	Transcriptome Profiling	Gene Expression Quantification	TCGA-LAML	TCGA-AB-2986	TCGA-AB-2986-03A	Primary Blood Derived Cancer - Peripheral Blood
79b4e3ea-0e12-4206-bbca-2d6b85daff40	d5bc6ebe-f611-4a24-a2db-94cfc5390bc8.rna_seq.augmented_star_gene_counts.tsv	Transcriptome Profiling	Gene Expression Quantification	TCGA-LAML	TCGA-AB-2898	TCGA-AB-2898-03A	Primary Blood Derived Cancer - Peripheral Blood
915a57ff-bf31-482b-a5ef-07c4057e7a08	fe40a5f4-459f-488e-a496-1b19e1076a7f.rna_seq.augmented_star_gene_counts.tsv	Transcriptome Profiling	Gene Expression Quantification	TCGA-LAML	TCGA-AB-2839	TCGA-AB-2839-03A	Primary Blood Derived Cancer - Peripheral Blood
9669c968-b599-4fa6-98dc-c95c8c3b9ca8	6d15fcd6-7c9b-4e29-9000-bdd5c4b5c197.rna_seq.augmented_star_gene_counts.tsv	Transcriptome Profiling	Gene Expression Quantification	TCGA-LAML	TCGA-AB-2981	TCGA-AB-2981-03B	Primary Blood Derived Cancer - Peripheral Blood
0bdfa47e-fa4b-4d32-bc44-5a789817e2ff	f39218c2-ec89-4534-bbea-a38ebd687852.rna_seq.augmented_star_gene_counts.tsv	Transcriptome Profiling	Gene Expression Quantification	TCGA-LAML	TCGA-AB-2918	TCGA-AB-2918-03A	Primary Blood Derived Cancer - Peripheral Blood
0814d3de-db24-4f42-b876-c6a456b63960	598fc20b-0fde-44ca-ad1a-d37502c85285.rna_seq.augmented_star_gene_counts.tsv	Transcriptome Profiling	Gene Expression Quantification	TCGA-LAML	TCGA-AB-2931	TCGA-AB-2931-03A	Primary Blood Derived Cancer - Peripheral Blood
3c6378dd-b962-47ba-b643-37ddeafed9fa	0875b60c-0a69-475b-9010-6b47cac821c8.rna_seq.augmented_star_gene_counts.tsv	Transcriptome Profiling	Gene Expression Quantification	TCGA-LAML	TCGA-AB-2840	TCGA-AB-2840-03A	Primary Blood Derived Cancer - Peripheral Blood
ee5f8eec-cae1-4399-8fcc-c923cb3dc192	3d2f9eb3-d66f-4a3c-b800-4f327751ab11.rna_seq.augmented_star_gene_counts.tsv	Transcriptome Profiling	Gene Expression Quantification	TCGA-LAML	TCGA-AB-2950	TCGA-AB-2950-03A	Primary Blood Derived Cancer - Peripheral Blood
37436464-7f4c-4599-86d4-900134c44431	cdc83302-e4d3-4b0d-b75d-a38edc5b5561.rna_seq.augmented_star_gene_counts.tsv	Transcriptome Profiling	Gene Expression Quantification	TCGA-LAML	TCGA-AB-2867	TCGA-AB-2867-03A	Primary Blood Derived Cancer - Peripheral Blood
3594dca3-7c70-48b4-9d6c-ce1cc8615dc2	e01fa815-2266-4fd6-9f57-6a359f5979a9.rna_seq.augmented_star_gene_counts.tsv	Transcriptome Profiling	Gene Expression Quantification	TCGA-LAML	TCGA-AB-2913	TCGA-AB-2913-03A	Primary Blood Derived Cancer - Peripheral Blood
508958d8-7f3f-446e-adb2-d768b62a209c	464fdce3-d47b-4e41-89ba-730572a7ce51.rna_seq.augmented_star_gene_counts.tsv	Transcriptome Profiling	Gene Expression Quantification	TCGA-LAML	TCGA-AB-2999	TCGA-AB-2999-03B	Primary Blood Derived Cancer - Peripheral Blood
dc5141fc-4084-4939-bf13-bafb841c55af	62a1e459-832a-40ff-8c6e-dd8b69b5eb9f.rna_seq.augmented_star_gene_counts.tsv	Transcriptome Profiling	Gene Expression Quantification	TCGA-LAML	TCGA-AB-2934	TCGA-AB-2934-03A	Primary Blood Derived Cancer - Peripheral Blood
75456d00-bc39-4813-9384-025a44c70546	33294fe6-40b4-4090-9658-985dfeb0f645.rna_seq.augmented_star_gene_counts.tsv	Transcriptome Profiling	Gene Expression Quantification	TCGA-LAML	TCGA-AB-2944	TCGA-AB-2944-03A	Primary Blood Derived Cancer - Peripheral Blood
05ecb383-3954-4d53-8920-c545b0179f31	777dd108-b4d7-4412-9bdd-a0efed23e4c8.rna_seq.augmented_star_gene_counts.tsv	Transcriptome Profiling	Gene Expression Quantification	TCGA-LAML	TCGA-AB-2952	TCGA-AB-2952-03B	Primary Blood Derived Cancer - Peripheral Blood
b54b23c4-9cdb-433f-9a74-805f314e596e	156bb00b-2a98-4356-833a-702489061896.rna_seq.augmented_star_gene_counts.tsv	Transcriptome Profiling	Gene Expression Quantification	TCGA-LAML	TCGA-AB-2949	TCGA-AB-2949-03B	Primary Blood Derived Cancer - Peripheral Blood
897d6743-7ea3-4b6a-a99f-c2dde3c51827	4e8eef4e-e58e-4a66-9bab-0d2f8a9764ca.rna_seq.augmented_star_gene_counts.tsv	Transcriptome Profiling	Gene Expression Quantification	TCGA-LAML	TCGA-AB-2936	TCGA-AB-2936-03A	Primary Blood Derived Cancer - Peripheral Blood
46f4ba53-86ff-4382-93a0-9f5dd410bb88	e87ad27a-c207-4129-bff0-27be1571c47d.rna_seq.augmented_star_gene_counts.tsv	Transcriptome Profiling	Gene Expression Quantification	TCGA-LAML	TCGA-AB-2924	TCGA-AB-2924-03A	Primary Blood Derived Cancer - Peripheral Blood
d6055724-b1f0-46f9-8a99-a4a59653906c	da3d27b5-ce33-41fd-be43-a322d0c49d91.rna_seq.augmented_star_gene_counts.tsv	Transcriptome Profiling	Gene Expression Quantification	TCGA-LAML	TCGA-AB-2946	TCGA-AB-2946-03A	Primary Blood Derived Cancer - Peripheral Blood
cb5802af-ef05-4ed1-b37d-93203a6ef3a2	8c82eefa-6dff-49fc-b928-697d55ac9b27.rna_seq.augmented_star_gene_counts.tsv	Transcriptome Profiling	Gene Expression Quantification	TCGA-LAML	TCGA-AB-2921	TCGA-AB-2921-03A	Primary Blood Derived Cancer - Peripheral Blood
5cb23757-a030-47e1-9a11-8d37e565266a	53894213-9499-4d39-8ceb-8eaec6a3774a.rna_seq.augmented_star_gene_counts.tsv	Transcriptome Profiling	Gene Expression Quantification	TCGA-LAML	TCGA-AB-2875	TCGA-AB-2875-03A	Primary Blood Derived Cancer - Peripheral Blood
06344cac-38bb-4044-ade0-2a7adde047f9	cc238245-5e80-461f-93a8-f1b3d4898bd3.rna_seq.augmented_star_gene_counts.tsv	Transcriptome Profiling	Gene Expression Quantification	TCGA-LAML	TCGA-AB-2819	TCGA-AB-2819-03A	Primary Blood Derived Cancer - Peripheral Blood
65f7f034-6f9f-4443-8dcf-8528ece68fb6	b61edf7a-1c34-4c6c-bf27-1675f4358a9d.rna_seq.augmented_star_gene_counts.tsv	Transcriptome Profiling	Gene Expression Quantification	TCGA-LAML	TCGA-AB-2977	TCGA-AB-2977-03B	Primary Blood Derived Cancer - Peripheral Blood
8ea67b9c-bd58-4a55-95e6-a5033e2ba08e	e8c09e84-2805-4e58-bcb4-b865e30a5784.rna_seq.augmented_star_gene_counts.tsv	Transcriptome Profiling	Gene Expression Quantification	TCGA-LAML	TCGA-AB-2994	TCGA-AB-2994-03A	Primary Blood Derived Cancer - Peripheral Blood
0101462d-6b47-4134-8164-667ebddc9091	aebb2406-6a90-48bc-be3d-120bf08b6f11.rna_seq.augmented_star_gene_counts.tsv	Transcriptome Profiling	Gene Expression Quantification	TCGA-LAML	TCGA-AB-2909	TCGA-AB-2909-03A	Primary Blood Derived Cancer - Peripheral Blood
1e270ec7-ee1f-43cd-827b-1d5588c09150	6078ce1b-f442-45cc-9e0a-1c324964e760.rna_seq.augmented_star_gene_counts.tsv	Transcriptome Profiling	Gene Expression Quantification	TCGA-LAML	TCGA-AB-2966	TCGA-AB-2966-03A	Primary Blood Derived Cancer - Peripheral Blood
a1a8ce33-9d31-4158-a31a-e74d8ddc2e8e	34cc21d2-b813-4464-9028-1b9eea29a75c.rna_seq.augmented_star_gene_counts.tsv	Transcriptome Profiling	Gene Expression Quantification	TCGA-LAML	TCGA-AB-2955	TCGA-AB-2955-03A	Primary Blood Derived Cancer - Peripheral Blood
2a409fe2-acbf-4dff-9a52-b873dabe957e	0580e6cb-a508-4f1f-a8cf-f60b96965776.rna_seq.augmented_star_gene_counts.tsv	Transcriptome Profiling	Gene Expression Quantification	TCGA-LAML	TCGA-AB-2881	TCGA-AB-2881-03A	Primary Blood Derived Cancer - Peripheral Blood
92613c89-aac7-4e0b-80e1-fb5341144f83	a3bdc1e6-4bc1-432b-a51e-139b54a41c57.rna_seq.augmented_star_gene_counts.tsv	Transcriptome Profiling	Gene Expression Quantification	TCGA-LAML	TCGA-AB-2980	TCGA-AB-2980-03A	Primary Blood Derived Cancer - Peripheral Blood
f4f18963-a7dd-4669-8a48-8501f29af6e4	855e74f6-0e52-44bf-af66-246b1635daaf.rna_seq.augmented_star_gene_counts.tsv	Transcriptome Profiling	Gene Expression Quantification	TCGA-LAML	TCGA-AB-2865	TCGA-AB-2865-03A	Primary Blood Derived Cancer - Peripheral Blood
77a45da0-dfe2-4e26-9835-727a6686aaa1	d4807f10-020e-4987-929c-1baba71eb138.rna_seq.augmented_star_gene_counts.tsv	Transcriptome Profiling	Gene Expression Quantification	TCGA-LAML	TCGA-AB-2893	TCGA-AB-2893-03A	Primary Blood Derived Cancer - Peripheral Blood
e4ca7a99-4c59-4b09-98c0-009109ea7b82	be0758da-7769-4d81-8a88-b86c8c7f0e53.rna_seq.augmented_star_gene_counts.tsv	Transcriptome Profiling	Gene Expression Quantification	TCGA-LAML	TCGA-AB-2998	TCGA-AB-2998-03A	Primary Blood Derived Cancer - Peripheral Blood
1575f57c-d19b-4ee6-b53b-9dd338449741	6f1d1f85-2616-475a-83c8-d4e4bda3b2e7.rna_seq.augmented_star_gene_counts.tsv	Transcriptome Profiling	Gene Expression Quantification	TCGA-LAML	TCGA-AB-2975	TCGA-AB-2975-03A	Primary Blood Derived Cancer - Peripheral Blood
e1e80bd1-4765-4b68-881a-a51e6cb997ea	a2a8bda5-ce4e-465b-a092-bc04ca652454.rna_seq.augmented_star_gene_counts.tsv	Transcriptome Profiling	Gene Expression Quantification	TCGA-LAML	TCGA-AB-2882	TCGA-AB-2882-03A	Primary Blood Derived Cancer - Peripheral Blood
1ad0791c-20e3-4a59-b0c6-87d71fd70481	38883af5-17c5-472e-8593-407ff2890829.rna_seq.augmented_star_gene_counts.tsv	Transcriptome Profiling	Gene Expression Quantification	TCGA-LAML	TCGA-AB-2992	TCGA-AB-2992-03A	Primary Blood Derived Cancer - Peripheral Blood
0923b10c-607c-455a-90c5-90817102b3bf	ec79ad9f-dac4-49c6-8794-5168fb8fabf8.rna_seq.augmented_star_gene_counts.tsv	Transcriptome Profiling	Gene Expression Quantification	TCGA-LAML	TCGA-AB-2872	TCGA-AB-2872-03A	Primary Blood Derived Cancer - Peripheral Blood
40846e6b-4a74-4c64-80a4-2da76a953084	f9a7251c-a338-40a1-aa73-c7748b60f366.rna_seq.augmented_star_gene_counts.tsv	Transcriptome Profiling	Gene Expression Quantification	TCGA-LAML	TCGA-AB-2873	TCGA-AB-2873-03A	Primary Blood Derived Cancer - Peripheral Blood
aad021a4-6e44-4a4c-8bed-b92b8517f837	54d87c00-55ae-4a75-a1dd-4992660fdf30.rna_seq.augmented_star_gene_counts.tsv	Transcriptome Profiling	Gene Expression Quantification	TCGA-LAML	TCGA-AB-3012	TCGA-AB-3012-03A	Primary Blood Derived Cancer - Peripheral Blood
064ed305-dce3-47e0-9f5b-4f92684e2da3	9840ee71-e5a4-4e47-ba65-62ceb978783c.rna_seq.augmented_star_gene_counts.tsv	Transcriptome Profiling	Gene Expression Quantification	TCGA-LAML	TCGA-AB-2894	TCGA-AB-2894-03A	Primary Blood Derived Cancer - Peripheral Blood
11f143ea-cd94-4c16-a29b-fb994e9d6376	b070e6b2-6fe3-4242-a1bf-4e842af20c44.rna_seq.augmented_star_gene_counts.tsv	Transcriptome Profiling	Gene Expression Quantification	TCGA-LAML	TCGA-AB-2942	TCGA-AB-2942-03A	Primary Blood Derived Cancer - Peripheral Blood
c2935429-b9c1-4a98-a275-1d9b76b8f18f	50e70fc2-6c4a-4969-a851-750f80a3e029.rna_seq.augmented_star_gene_counts.tsv	Transcriptome Profiling	Gene Expression Quantification	TCGA-LAML	TCGA-AB-2886	TCGA-AB-2886-03A	Primary Blood Derived Cancer - Peripheral Blood
71443335-5c62-4f69-8090-b0ca0452e935	a7619f75-6497-43a1-95de-354af2e5c026.rna_seq.augmented_star_gene_counts.tsv	Transcriptome Profiling	Gene Expression Quantification	TCGA-LAML	TCGA-AB-2841	TCGA-AB-2841-03B	Primary Blood Derived Cancer - Peripheral Blood
28e298b2-678b-46ec-b383-ec60bf6ca742	35280e59-ab85-4593-bcd3-736b45ae35e6.rna_seq.augmented_star_gene_counts.tsv	Transcriptome Profiling	Gene Expression Quantification	TCGA-LAML	TCGA-AB-2817	TCGA-AB-2817-03A	Primary Blood Derived Cancer - Peripheral Blood
06e97faa-de8f-4f17-b4f4-497fbe18b6c3	3a22f5be-2944-4f55-bf1a-82847fb9c780.rna_seq.augmented_star_gene_counts.tsv	Transcriptome Profiling	Gene Expression Quantification	TCGA-LAML	TCGA-AB-2874	TCGA-AB-2874-03A	Primary Blood Derived Cancer - Peripheral Blood
22916b55-a076-41c3-a7ae-a70837ca841b	29dcb155-07ee-4c89-be50-d9d8b7444ea1.rna_seq.augmented_star_gene_counts.tsv	Transcriptome Profiling	Gene Expression Quantification	TCGA-LAML	TCGA-AB-2929	TCGA-AB-2929-03A	Primary Blood Derived Cancer - Peripheral Blood
bdde584e-c56f-4e08-9fdf-2ef444df7285	46934acb-5637-47aa-830c-88e695d0d2e6.rna_seq.augmented_star_gene_counts.tsv	Transcriptome Profiling	Gene Expression Quantification	TCGA-LAML	TCGA-AB-2892	TCGA-AB-2892-03A	Primary Blood Derived Cancer - Peripheral Blood
7cf9b94b-9bd4-4dc6-8875-01c3284c0fd7	2133d4c0-0d35-4a45-bd16-d7c0f6dcfe6e.rna_seq.augmented_star_gene_counts.tsv	Transcriptome Profiling	Gene Expression Quantification	TCGA-LAML	TCGA-AB-3008	TCGA-AB-3008-03A	Primary Blood Derived Cancer - Peripheral Blood
7241b7bc-630f-4821-a4d1-aa7edfcd2b98	b0f90979-31b2-48fd-a948-5d2e5537d5b1.rna_seq.augmented_star_gene_counts.tsv	Transcriptome Profiling	Gene Expression Quantification	TCGA-LAML	TCGA-AB-2971	TCGA-AB-2971-03A	Primary Blood Derived Cancer - Peripheral Blood
42e9cbc3-8750-43ab-925f-174617942aff	0a1e0800-d562-41e2-a422-2a28139dfc4a.rna_seq.augmented_star_gene_counts.tsv	Transcriptome Profiling	Gene Expression Quantification	TCGA-LAML	TCGA-AB-2979	TCGA-AB-2979-03B	Primary Blood Derived Cancer - Peripheral Blood
78da0a87-3a86-48b1-b6e2-013655c8c80d	017cf34b-148e-4c02-ab6e-a57c81cef162.rna_seq.augmented_star_gene_counts.tsv	Transcriptome Profiling	Gene Expression Quantification	TCGA-LAML	TCGA-AB-2821	TCGA-AB-2821-03A	Primary Blood Derived Cancer - Peripheral Blood
87b8ce59-94a1-4c53-b198-bffe7f200ddc	5db866b3-164d-4415-a18b-048814cffc82.rna_seq.augmented_star_gene_counts.tsv	Transcriptome Profiling	Gene Expression Quantification	TCGA-LAML	TCGA-AB-2880	TCGA-AB-2880-03A	Primary Blood Derived Cancer - Peripheral Blood
10141cdf-e755-4f00-8b99-b3ea5806af50	741e3675-2e4d-4b9b-90ab-953a0842c9bc.rna_seq.augmented_star_gene_counts.tsv	Transcriptome Profiling	Gene Expression Quantification	TCGA-LAML	TCGA-AB-2863	TCGA-AB-2863-03A	Primary Blood Derived Cancer - Peripheral Blood
6297e246-48f5-4f6e-b3b2-6ef6aa384120	c2b3bf55-e29c-43f4-b447-deb490d8b43b.rna_seq.augmented_star_gene_counts.tsv	Transcriptome Profiling	Gene Expression Quantification	TCGA-LAML	TCGA-AB-2965	TCGA-AB-2965-03A	Primary Blood Derived Cancer - Peripheral Blood
13eb6c04-e8cc-4c53-ad7c-49686b945d89	706fdf0d-6464-46d6-84e7-4fe08bc1db75.rna_seq.augmented_star_gene_counts.tsv	Transcriptome Profiling	Gene Expression Quantification	TCGA-LAML	TCGA-AB-2876	TCGA-AB-2876-03A	Primary Blood Derived Cancer - Peripheral Blood
e6549063-8cd0-4226-917f-9c7139ace36e	cd39b5aa-e040-4828-b5b5-997fade7f0e9.rna_seq.augmented_star_gene_counts.tsv	Transcriptome Profiling	Gene Expression Quantification	TCGA-LAML	TCGA-AB-2828	TCGA-AB-2828-03A	Primary Blood Derived Cancer - Peripheral Blood
759ea003-6156-4af4-9528-876a49562f57	6efebd72-3399-43bf-b206-676e62b17864.rna_seq.augmented_star_gene_counts.tsv	Transcriptome Profiling	Gene Expression Quantification	TCGA-LAML	TCGA-AB-2948	TCGA-AB-2948-03A	Primary Blood Derived Cancer - Peripheral Blood
48de792d-7d35-4965-82e2-3559d6331a66	f59691ff-80a8-4a67-b292-ccb2f89596b3.rna_seq.augmented_star_gene_counts.tsv	Transcriptome Profiling	Gene Expression Quantification	TCGA-LAML	TCGA-AB-2814	TCGA-AB-2814-03A	Primary Blood Derived Cancer - Peripheral Blood
6e23a4fb-ec57-408f-bfdb-307e833ce0bc	bef99df7-8626-4b59-a7f4-5fc83f874851.rna_seq.augmented_star_gene_counts.tsv	Transcriptome Profiling	Gene Expression Quantification	TCGA-LAML	TCGA-AB-2871	TCGA-AB-2871-03A	Primary Blood Derived Cancer - Peripheral Blood
b2c47893-e32f-4d99-8a5b-7c990cacb737	ebbf5927-f3df-487a-8836-a98a328f0c75.rna_seq.augmented_star_gene_counts.tsv	Transcriptome Profiling	Gene Expression Quantification	TCGA-LAML	TCGA-AB-2910	TCGA-AB-2910-03A	Primary Blood Derived Cancer - Peripheral Blood
79f58a59-4029-4176-8fbf-12d921cd44e2	becd6596-aac4-4dce-bc19-0f31b59e4729.rna_seq.augmented_star_gene_counts.tsv	Transcriptome Profiling	Gene Expression Quantification	TCGA-LAML	TCGA-AB-2896	TCGA-AB-2896-03B	Primary Blood Derived Cancer - Peripheral Blood
f77c2ed0-9fa9-406d-baff-33f8c5d62f79	072b426b-9d30-4a6f-910b-5dc10f727e10.rna_seq.augmented_star_gene_counts.tsv	Transcriptome Profiling	Gene Expression Quantification	TCGA-LAML	TCGA-AB-2912	TCGA-AB-2912-03A	Primary Blood Derived Cancer - Peripheral Blood
2eb993fd-5ae8-48f3-8d17-9d73ead812a3	8a2ea24c-bfc6-4312-af23-3cb33d6dc5cf.rna_seq.augmented_star_gene_counts.tsv	Transcriptome Profiling	Gene Expression Quantification	TCGA-LAML	TCGA-AB-2856	TCGA-AB-2856-03A	Primary Blood Derived Cancer - Peripheral Blood
71e03867-8eee-4e5a-bf83-e16d1d51a6f2	e81da874-53c8-44df-9c29-5a894d2d5415.rna_seq.augmented_star_gene_counts.tsv	Transcriptome Profiling	Gene Expression Quantification	TCGA-LAML	TCGA-AB-2900	TCGA-AB-2900-03A	Primary Blood Derived Cancer - Peripheral Blood
200c4121-f401-4fbb-89b3-f0794a37a9c1	a84d1560-508b-456a-9722-3348d39263f8.rna_seq.augmented_star_gene_counts.tsv	Transcriptome Profiling	Gene Expression Quantification	TCGA-LAML	TCGA-AB-2843	TCGA-AB-2843-03A	Primary Blood Derived Cancer - Peripheral Blood
22302cda-846b-484a-b7b5-566560255208	71f68c2c-434d-4b18-847a-3b97a4f16538.rna_seq.augmented_star_gene_counts.tsv	Transcriptome Profiling	Gene Expression Quantification	TCGA-LAML	TCGA-AB-2938	TCGA-AB-2938-03A	Primary Blood Derived Cancer - Peripheral Blood
7c13425b-0f50-4374-bb6f-8cf11d62a085	fe461111-3e73-4b29-8d70-bba1fa878924.rna_seq.augmented_star_gene_counts.tsv	Transcriptome Profiling	Gene Expression Quantification	TCGA-LAML	TCGA-AB-2846	TCGA-AB-2846-03A	Primary Blood Derived Cancer - Peripheral Blood
b80040b3-60ea-4f4e-a423-363d58b5e291	8a80089c-da0c-42f6-a772-91cb87a0ff78.rna_seq.augmented_star_gene_counts.tsv	Transcriptome Profiling	Gene Expression Quantification	TCGA-LAML	TCGA-AB-2808	TCGA-AB-2808-03A	Primary Blood Derived Cancer - Peripheral Blood
989d2eff-179f-431a-a8f5-ecbedabb515c	6b5cd2bd-d52a-40f9-a385-45c03e6f0f1e.rna_seq.augmented_star_gene_counts.tsv	Transcriptome Profiling	Gene Expression Quantification	TCGA-LAML	TCGA-AB-2973	TCGA-AB-2973-03A	Primary Blood Derived Cancer - Peripheral Blood
b95a77a4-727c-4f39-a9ca-fb62c22e425d	afb0cebb-4a3c-463d-89eb-8689653d7d89.rna_seq.augmented_star_gene_counts.tsv	Transcriptome Profiling	Gene Expression Quantification	TCGA-LAML	TCGA-AB-2984	TCGA-AB-2984-03A	Primary Blood Derived Cancer - Peripheral Blood
244b54e2-5c18-492a-bb17-ea4008686a01	5d92f2a1-9bc0-4f7b-93d8-dbbc86241ca1.rna_seq.augmented_star_gene_counts.tsv	Transcriptome Profiling	Gene Expression Quantification	TCGA-LAML	TCGA-AB-2890	TCGA-AB-2890-03A	Primary Blood Derived Cancer - Peripheral Blood
4838b205-7d6d-4865-a25c-f42110bd57ca	b37c186c-021c-4a6e-b9ec-8b79d8e57f1e.rna_seq.augmented_star_gene_counts.tsv	Transcriptome Profiling	Gene Expression Quantification	TCGA-LAML	TCGA-AB-2897	TCGA-AB-2897-03A	Primary Blood Derived Cancer - Peripheral Blood
d86067a2-238c-4b31-b685-8511174ed59b	11446d59-31e4-43da-9621-2632847e4723.rna_seq.augmented_star_gene_counts.tsv	Transcriptome Profiling	Gene Expression Quantification	TCGA-LAML	TCGA-AB-2853	TCGA-AB-2853-03A	Primary Blood Derived Cancer - Peripheral Blood
feee431e-ba10-4f12-964b-8b156444888f	130e2e23-18bc-4d4b-9d98-9196f493e760.rna_seq.augmented_star_gene_counts.tsv	Transcriptome Profiling	Gene Expression Quantification	TCGA-LAML	TCGA-AB-2885	TCGA-AB-2885-03A	Primary Blood Derived Cancer - Peripheral Blood
20cc09a2-5194-4630-9276-22064635a02d	545436f9-5471-43ef-9841-164cb3487c49.rna_seq.augmented_star_gene_counts.tsv	Transcriptome Profiling	Gene Expression Quantification	TCGA-LAML	TCGA-AB-2925	TCGA-AB-2925-03A	Primary Blood Derived Cancer - Peripheral Blood
59667398-f06e-4943-8875-98f6350d3bfd	1a807bd7-1542-4b10-9ea6-389ca12ebfeb.rna_seq.augmented_star_gene_counts.tsv	Transcriptome Profiling	Gene Expression Quantification	TCGA-LAML	TCGA-AB-2815	TCGA-AB-2815-03A	Primary Blood Derived Cancer - Peripheral Blood
